TranslationGroup	en	hi
about	published	published
about_me	published	published
about_site	published	published
changelog	published	published
technology/computer	published	published
technology/computer/game	published	published
technology/computer/game/doom	published	published
technology/computer/game/doom/2016	published	published
technology/computer/game/doom/2016/demo	published	published
technology/computer/game/doom/2016/demo/issue	published	published
technology/computer/game/doom/2016/demo/issue/vulkan_crash	published	published
faq	published	published
feedback	published	published
license	published	published
logo	published	published
roadmap	published	published
root	published	published
timeline	published	published
world	published	published
philosophy	published	published
philosophy/cognition	published	published
philosophy/consciousness	published	published
philosophy/consciousness/free_will	published	published
philosophy/death	published	published
philosophy/god	published	published
philosophy/god/no_god	published	published
philosophy/hindu	published	published
philosophy/hindu/advaita	published	published
philosophy/hindu/charvaka	published	published
philosophy/hindu/hindu_atheist	published	published
philosophy/inference	published	published
philosophy/intelligence	published	published
philosophy/life	published	published
philosophy/problem	published	published
philosophy/solution	published	published
philosophy/information	published
philosophy/learning	published
philosophy/model	published
philosophy/algorithm	published
philosophy/program	published
philosophy/artificial-intelligence	published
philosophy/decision	published
