key	en	hi	hi-in
my_notes	my notes	मेरी टिप्पणियाँ	मेरी टिप्पणियाँ
my_notes_font_scale	1	0.8	0.8
menu_home	home	मुखपृष्ठ	मुखपृष्ठ
menu_world	World	विश्व	विश्व
menu_computer	Computer	कंप्यूटर	कंप्यूटर
menu_philosophy	Philosophy	दर्शन	दर्शन
menu_science	Science	Science	Science
menu_technology	Technology	प्रौद्योगिकी	प्रौद्योगिकी
menu_about	About	परिचय	परिचय
menu_faq	FAQ	सामान्य प्रश्न	सामान्य प्रश्न
menu_feedback	Feedback	प्रतिक्रिया	प्रतिक्रिया
menu_license	License	लाइसेंस	लाइसेंस
menu_logo	Logo	लोगो	लोगो
menu_roadmap	Roadmap	कार्ययोजना	कार्ययोजना
menu_changelog	Changelog	परिवर्तन सूची	परिवर्तन सूची
menu_timeline	Timeline	समयरेखा	समयरेखा
menu_about_site	About site	वेबसाइट के बारे में	वेबसाइट के बारे में
menu_about_me	About me	मेरे बारे में	मेरे बारे में
footer_image_credits_label	Image credits	चित्र श्रेय	चित्र श्रेय
footer_image_credits_body	Third-party images are used under their respective licenses or applicable copyright exceptions. Copyright remains with the respective owners. Where required, attribution and licensing information are provided with the image or its	तृतीय-पक्ष छवियाँ उनकी संबंधित अनुज्ञप्तियों या लागू कॉपीराइट अपवादों के अंतर्गत उपयोग की गई हैं। कॉपीराइट संबंधित स्वामियों के पास रहता है। जहाँ आवश्यक है, श्रेय और अनुज्ञप्ति जानकारी छवि के साथ या उसके	तृतीय-पक्ष छवियाँ उनकी संबंधित अनुज्ञप्तियों या लागू कॉपीराइट अपवादों के अंतर्गत उपयोग की गई हैं। कॉपीराइट संबंधित स्वामियों के पास रहता है। जहाँ आवश्यक है, श्रेय और अनुज्ञप्ति जानकारी छवि के साथ या उसके
footer_image_credits_link	source link	स्रोत लिंक	स्रोत लिंक
footer_disclaimer_label	Disclaimer	अस्वीकरण	अस्वीकरण
footer_disclaimer_body	The views on this site are Ujjwal Singh's personal views and do not represent any employer or organisation associated with registering or hosting this domain. The content is for general information and may contain errors or omissions. Please verify it independently before relying on it and take reasonable steps to limit any loss. To the extent permitted by law, Ujjwal Singh is not liable for loss or damage arising from use of or reliance on this site.	इस वेबसाइट पर व्यक्त विचार उज्ज्वल सिंह के निजी विचार हैं। वे किसी नियोक्ता या इस डोमेन के पंजीकरण अथवा होस्टिंग से जुड़े किसी संगठन के विचार नहीं हैं। यहाँ दी गई जानकारी सामान्य जानकारी के लिए है और इसमें त्रुटियाँ या चूक हो सकती हैं। इस पर भरोसा करने से पहले स्वतंत्र रूप से जाँच करें और संभावित नुकसान कम करने के उचित कदम उठाएँ। कानून द्वारा अनुमत सीमा तक, इस वेबसाइट के उपयोग या इसकी जानकारी पर भरोसा करने से हुए नुकसान के लिए उज्ज्वल सिंह उत्तरदायी नहीं हैं।	इस वेबसाइट पर व्यक्त विचार उज्ज्वल सिंह के निजी विचार हैं। वे किसी नियोक्ता या इस डोमेन के पंजीकरण अथवा होस्टिंग से जुड़े किसी संगठन के विचार नहीं हैं। यहाँ दी गई जानकारी सामान्य जानकारी के लिए है और इसमें त्रुटियाँ या चूक हो सकती हैं। इस पर भरोसा करने से पहले स्वतंत्र रूप से जाँच करें और संभावित नुकसान कम करने के उचित कदम उठाएँ। कानून द्वारा अनुमत सीमा तक, इस वेबसाइट के उपयोग या इसकी जानकारी पर भरोसा करने से हुए नुकसान के लिए उज्ज्वल सिंह उत्तरदायी नहीं हैं।
nav_previous_article	Previous article	पिछला लेख	पिछला लेख
nav_next_article	Next article	अगला लेख	अगला लेख
nav_bottom	Jump to page navigation	पृष्ठ नेविगेशन पर जाएँ	पृष्ठ नेविगेशन पर जाएँ
nav_no_previous_article	No previous article	कोई पिछला लेख नहीं	कोई पिछला लेख नहीं
nav_no_next_article	No next article	कोई अगला लेख नहीं	कोई अगला लेख नहीं

