Path	Name	Extension
menu		
404		
	manifest	json
	script	js
	style	css
	robots	txt
	sitemap	xml
	ads	txt
	apple-touch-icon	png
	icon-social	png
	social	png
	favicon	ico
	logo_full	svg
	photo	jpg
	launcher-icon-0-75x	png
	launcher-icon-1x	png
	launcher-icon-1-5x	png
	launcher-icon-2x	png
	launcher-icon-3x	png
	launcher-icon-4x	png
	root	jpg
resource/	external	svg
world/philosophy/	consciousness	jpg
world/philosophy/consciousness/	free_will	jpg
world/philosophy/	god	jpg
world/philosophy/god/	no_god	jpg
world/philosophy/solution/	man-people-system	svg
world/philosophy/	cognition	jpg
world/philosophy/	intelligence	jpg
world/philosophy/	inference	jpg
	world	jpg
world/	philosophy	jpg
computer/game/doom/2016/demo/issue/	vulkan_crash	jpg
computer/game/doom/2016/	demo	jpg
computer/game/doom/2016/demo/	issue	jpg
computer/game/	doom	jpg
computer/game/doom/	2016	jpg
world/philosophy/	solution	jpg
world/philosophy/	problem	jpg
world/philosophy/	death	jpg
world/philosophy/	life	jpg
	roadmap	jpg
	timeline	jpg
	logo	jpg
	faq	jpg
	feedback	jpg
	license	jpg
	changelog	jpg
	about	jpg
	about_me	jpg
	about_site	jpg
world/philosophy/	hindu	jpg
	computer	jpg
